keyword == "Artists' Books Collection (NYPL, Print Collection)" NOT subject == "mail art"
author = "rousseau"
keyword any "winnipeg toronto" AND division = "maf" AND center = "ma"
keyword == "Artists' Books Collection (NYPL, Print Collection)" NOT genre == "Artists' books – United States – 20th century."
keyword any "In Praise of Shadows Tanizaki"
title adj "In Praise of Shadows" AND author = "Tanizaki"
keyword all "frankenstein lackington 1818"
title = "Frankenstein" AND keyword = "Lackington" AND date == "1818"
title = "Frankenstein" AND keyword = "Lackington" AND date = "1818"
keyword all "machine age in America wilson"
title adj "machine age in America" AND author = "wilson"
keyword all "anis kabul"
title = "anis" AND keyword = "kabul"
keyword any "columbus the story of a city lentz"
title adj "columbus the story of a city" AND author = "lentz"
keyword all "columbus the story of a city lentz"
keyword all "history united states" AND keyword any "white" NOT author = "white"
keyword all "history united states" AND keyword any "white" AND author = "white"
keyword == "industrial workers of the world" OR keyword = "IWW" NOT language = "English"
subject any "newspapers periodicals" AND language any "Romanian Hungarian"
call number ^TDR p.v.
keyword == "I.W.W."
keyword == "IWW"
keyword = "IWW"
keyword = "I.W.W."
keyword = "jew"
keyword = "jews"
keyword = "romantic" NOT keyword = "romantics"
title = "Idiot" AND author = "Dostoyevsky" NOT author = "Garnett" AND language = "English"
author = "Gombrowicz" NOT language any "Polish English"
callnumber = "^*R-RMRR" AND author any "locke hobbes rousseau"
callnumber = "RMRR" AND author any "locke hobbes rousseau"
genre = "memorial books" NOT language any “hebrew yiddish"
author = "Meillassoux, Quentin" AND date >= "2011"
author = "Meillassoux, Quentin" AND date > "2011"
author = "Meillassoux, Quentin" AND date <= "2011"
author = "Meillassoux, Quentin" AND date < "2011"
author = "Meillassoux, Quentin" AND date within "2011 2014"