/research/research-catalog/search?q=author+%3D+%22Meillassoux%2C+Quentin%22+AND+date+%3C+%222011%22&search_scope=cql,cql
/research/research-catalog/search?q=climate+change&search_scope=all,all
/research/research-catalog/search?q=ocn987&search_scope=standard_number,standard_number
/research/research-catalog/search?q=%2AZP-%2AP-%2AQZS+n.c.+5%2C+no.+9&search_scope=callnumber,callnumber
/research/research-catalog/search?q=0022-0418&search_scope=standard_number,standard_number
/research/research-catalog/search?q=i23456789&search_scope=standard_number,standard_number
/research/research-catalog/search?q=eames&search_scope=contributor,contributor
/research/research-catalog/search?q=D&search_scope=callnumber,callnumber
/research/research-catalog/search?q=quilts&search_scope=subject,subject
/research/research-catalog/search?q=33433001&search_scope=standard_number,standard_number
/research/research-catalog/search?q=p34567890&search_scope=standard_number,standard_number
/research/research-catalog/search?q=bourdon+genealogy&search_scope=journal_title,journal_title
/research/research-catalog/search?q=toast&search_scope=journal_title,journal_title
/research/research-catalog/search?q=PS3551.N95&search_scope=callnumber,callnumber
/research/research-catalog/search?q=0098-7484&search_scope=standard_number,standard_number
/research/research-catalog/search?q=Field+-+journal+title&search_scope=all,all
/research/research-catalog/search?q=intercollegiate+review&search_scope=subject,subject
/research/research-catalog/search?q=new+york+post&search_scope=title,title
/research/research-catalog/search?q=TK5105.888&search_scope=callnumber,callnumber
/research/research-catalog/search?q=Mother+Jones&search_scope=all,all
/research/research-catalog/search?q=keyword+any+%22winnipeg+toronto%22+AND+division+%3D+%22maf%22+AND+center+%3D+%22ma%22&search_scope=cql,cql
/research/research-catalog/search?q=%2A%2AP+%28Ms.+Heb.+102%29&search_scope=callnumber,callnumber
/research/research-catalog/search?q=0028-0836&search_scope=standard_number,standard_number
/research/research-catalog/search?q=cheesemaking&search_scope=all,all
/research/research-catalog/search?q=TK5105.888&search_scope=callnumber,callnumber
/research/research-catalog/search?q=theodore+rex&search_scope=journal_title,journal_title
/research/research-catalog/search?q=village+voice&search_scope=all,all
/research/research-catalog/search?q=vogue&search_scope=contributor,contributor
/research/research-catalog/search?q=Arts+Magazine&search_scope=title,title
/research/research-catalog/search?q=glimmer+train&search_scope=all,all
/research/research-catalog/search?q=QA76.9.D3&search_scope=callnumber,callnumber
/research/research-catalog/search?q=keyword+any+%22columbus+the+story+of+a+city+lentz%22&search_scope=cql,cql
/research/research-catalog/search?q=Women+in+ancient+India%2C+from+320+A.D.+to+c.+1200+A.D.&search_scope=journal_title,journal_title
/research/research-catalog/search?q=%2AZP-%2AP-%2AQZS+n.c.+5%2C+no.+9&search_scope=callnumber,callnumber
/research/research-catalog/search?q=PS3551.N95&search_scope=callnumber,callnumber
/research/research-catalog/search?q=1072-5520&search_scope=standard_number,standard_number
/research/research-catalog/search?q=call+number+%5ETDR+p.v.&search_scope=cql,cql
/research/research-catalog/search?q=baseball&search_scope=all,all
/research/research-catalog/search?q=bhutan&search_scope=contributor,contributor
/research/research-catalog/search?q=Bremer+Beitra%CC%88ge+zur+Naturwissenschaft&search_scope=title,title
/research/research-catalog/search?q=human+rights+education&search_scope=subject,subject
/research/research-catalog/search?q=0098-7484&search_scope=standard_number,standard_number
/research/research-catalog/search?q=i23456789&search_scope=standard_number,standard_number
/research/research-catalog/search?q=architectural+record&search_scope=journal_title,journal_title
/research/research-catalog/search?q=automobile+topics&search_scope=title,title
/research/research-catalog/search?q=TK5105.888&search_scope=callnumber,callnumber
/research/research-catalog/search?q=K%C3%A4se+f%C3%BCr+Kenner&search_scope=all,all
/research/research-catalog/search?q=PS3551.N95&search_scope=callnumber,callnumber
/research/research-catalog/search?q=ARTnews&search_scope=all,all
/research/research-catalog/search?q=PS3551.N95&search_scope=callnumber,callnumber
/research/research-catalog/search?q=flowers&search_scope=all,all
/research/research-catalog/search?q=i23456789&search_scope=standard_number,standard_number
/research/research-catalog/search?q=music+magazine&search_scope=contributor,contributor
/research/research-catalog/search?q=J%2A&search_scope=callnumber,callnumber
/research/research-catalog/search?q=Nova+de+Veteribus&search_scope=journal_title,journal_title
/research/research-catalog/search?q=RC523&search_scope=callnumber,callnumber
/research/research-catalog/search?q=shakespeare&search_scope=journal_title,journal_title
/research/research-catalog/search?q=Theodore+Rex&search_scope=contributor,contributor
/research/research-catalog/search?q=ML410.B4&search_scope=callnumber,callnumber
/research/research-catalog/search?q=cadence&search_scope=subject,subject
/research/research-catalog/search?q=b12345678&search_scope=standard_number,standard_number
/research/research-catalog/search?q=dog&search_scope=title,title
/research/research-catalog/search?q=2001023456&search_scope=standard_number,standard_number
/research/research-catalog/search?q=Sc+News+Essor&search_scope=callnumber,callnumber
/research/research-catalog/search?q=Gershwin+Jablonski&search_scope=all,all
/research/research-catalog/search?q=b23456789&search_scope=standard_number,standard_number
/research/research-catalog/search?q=journal+of+human+evolution&search_scope=all,all
/research/research-catalog/search?q=0098-7484&search_scope=standard_number,standard_number
/research/research-catalog/search?q=motor+world&search_scope=all,all
/research/research-catalog/search?q=motoring+and+boating&search_scope=title,title
/research/research-catalog/search?q=precious+stones+of+the+jews+of+curacao&search_scope=all,all
/research/research-catalog/search?q=queens&search_scope=all,all
/research/research-catalog/search?q=85012345&search_scope=standard_number,standard_number
/research/research-catalog/search?q=Sayf%2C+%E1%B9%ACal%C4%81l+author.+%D8%B3%D9%8A%D9%81%D8%8C+%D8%B7%D9%84%D8%A7%D9%84.&search_scope=title,title
/research/research-catalog/search?q=societa&search_scope=title,title
/research/research-catalog/search?q=washington&search_scope=all,all
/research/research-catalog/search?q=0146-5422&search_scope=standard_number,standard_number
/research/research-catalog/search?q=Armenian+manuscript+Spencer&search_scope=contributor,contributor
/research/research-catalog/search?q=Art+%26+Antiques&search_scope=journal_title,journal_title
/research/research-catalog/search?q=atlas+of+diagnostic+oncology&search_scope=contributor,contributor
/research/research-catalog/search?q=KF4558&search_scope=callnumber,callnumber
/research/research-catalog/search?q=Map+Div.+%2B%2B%2B+%28London%29+%28Rocque%2C+J.+Plan+of+London.+1746%29&search_scope=callnumber,callnumber
/research/research-catalog/search?q=colle+system&search_scope=title,title
/research/research-catalog/search?q=dante&search_scope=journal_title,journal_title
/research/research-catalog/search?q=Das+Bild+der+Kleopatra+in+der+griechischen+und+lateinischen+Literatur&search_scope=subject,subject
/research/research-catalog/search?q=economic+journal&search_scope=journal_title,journal_title
/research/research-catalog/search?q=Pforz%2B+%28Quadrilling%29&search_scope=callnumber,callnumber
/research/research-catalog/search?q=follow+your+lucky+stars&search_scope=subject,subject
/research/research-catalog/search?q=food&search_scope=all,all
/research/research-catalog/search?q=Furniture+history&search_scope=subject,subject
/research/research-catalog/search?q=QA76.9.D3&search_scope=callnumber,callnumber
/research/research-catalog/search?q=title+%3D+%22Idiot%22+AND+author+%3D+%22Dostoyevsky%22+NOT+author+%3D+%22Garnett%22+AND+language+%3D+%22English%22&search_scope=cql,cql
/research/research-catalog/search?q=jazz&search_scope=contributor,contributor
/research/research-catalog/search?q=title+%3D+%22Frankenstein%22+AND+keyword+%3D+%22Lackington%22+AND+date+%3D+%221818%22&search_scope=cql,cql
/research/research-catalog/search?q=K%C3%A4se+Lexikon&search_scope=all,all
/research/research-catalog/search?q=llamas&search_scope=contributor,contributor
/research/research-catalog/search?q=marriage+across+the+color+line&search_scope=contributor,contributor
/research/research-catalog/search?q=opera+news&search_scope=contributor,contributor
/research/research-catalog/search?q=pederzani+bovara&search_scope=journal_title,journal_title
/research/research-catalog/search?q=selected+writings+of+hiram&search_scope=all,all
/research/research-catalog/search?q=Washington&search_scope=title,title
/research/research-catalog/search?q=0028-8969&search_scope=all,all
/research/research-catalog/search?q=A+Botanist%27s+visit&search_scope=contributor,contributor
/research/research-catalog/search?q=america+first+committee&search_scope=journal_title,journal_title
/research/research-catalog/search?q=An+Emmons+genealogy&search_scope=subject,subject
/research/research-catalog/search?q=ocn987&search_scope=standard_number,standard_number
/research/research-catalog/search?q=architektur+aktuell&search_scope=subject,subject
/research/research-catalog/search?q=Art+in+America&search_scope=subject,subject
/research/research-catalog/search?q=art+now&search_scope=journal_title,journal_title
/research/research-catalog/search?q=TL789.8.U5&search_scope=callnumber,callnumber
/research/research-catalog/search?q=arts+magazine&search_scope=journal_title,journal_title
/research/research-catalog/search?q=Dissent&search_scope=contributor,contributor
/research/research-catalog/search?q=duchamp&search_scope=contributor,contributor
/research/research-catalog/search?q=Fortune&search_scope=all,all
/research/research-catalog/search?q=furniture+history&search_scope=subject,subject
/research/research-catalog/search?q=Gershwin+Remembered+Jablonski&search_scope=contributor,contributor
/research/research-catalog/search?q=92012345&search_scope=standard_number,standard_number
/research/research-catalog/search?q=hoopla&search_scope=all,all
/research/research-catalog/search?q=john+cage&search_scope=all,all
/research/research-catalog/search?q=0040-781X&search_scope=standard_number,standard_number
/research/research-catalog/search?q=b45678901&search_scope=standard_number,standard_number
/research/research-catalog/search?q=PN1997.2&search_scope=callnumber,callnumber
/research/research-catalog/search?q=motor&search_scope=title,title
/research/research-catalog/search?q=MOTOR+BOATING&search_scope=all,all
/research/research-catalog/search?q=ocn987&search_scope=standard_number,standard_number
/research/research-catalog/search?q=natural+history&search_scope=title,title
/research/research-catalog/search?q=keyword+any+%22columbus+the+story+of+a+city+lentz%22&search_scope=cql,cql
/research/research-catalog/search?q=TK5105.888&search_scope=callnumber,callnumber
/research/research-catalog/search?q=93005432&search_scope=standard_number,standard_number
/research/research-catalog/search?q=33433001&search_scope=standard_number,standard_number
/research/research-catalog/search?q=0028-0836&search_scope=standard_number,standard_number
/research/research-catalog/search?q=president&search_scope=title,title
/research/research-catalog/search?q=keyword+%3D%3D+%22industrial+workers+of+the+world%22+OR+keyword+%3D+%22IWW%22+NOT+language+%3D+%22English%22&search_scope=cql,cql
/research/research-catalog/search?q=rituals+in+ink&search_scope=journal_title,journal_title
/research/research-catalog/search?q=sailor+moon&search_scope=title,title
/research/research-catalog/search?q=sayf%2C+%E1%B9%ADal%C4%81l+author.+%D8%B3%D9%8A%D9%81%D8%8C+%D8%B7%D9%84%D8%A7%D9%84.&search_scope=contributor,contributor
/research/research-catalog/search?q=taiwan&search_scope=journal_title,journal_title
/research/research-catalog/search?q=test&search_scope=subject,subject
/research/research-catalog/search?q=The+Economic+Journal&search_scope=journal_title,journal_title
/research/research-catalog/search?q=keyword+any+%22In+Praise+of+Shadows+Tanizaki%22&search_scope=cql,cql
/research/research-catalog/search?q=water&search_scope=all,all
/research/research-catalog/search?q=Who%27s+Afraid+of+Virginia+Woolf%3F&search_scope=subject,subject
/research/research-catalog/search?q=%22music+magazine%22+toronto&search_scope=all,all
/research/research-catalog/search?q=keyword+%3D%3D+%22IWW%22&search_scope=cql,cql
/research/research-catalog/search?q=A+Botanist%27s+Visit&search_scope=all,all
/research/research-catalog/search?q=adrian+piper&search_scope=subject,subject
/research/research-catalog/search?q=antiquitas&search_scope=contributor,contributor
/research/research-catalog/search?q=ArtNews&search_scope=journal_title,journal_title
/research/research-catalog/search?q=bacquart&search_scope=title,title
/research/research-catalog/search?q=%2AZP-%2AP-%2AQZS+n.c.+5%2C+no.+9&search_scope=callnumber,callnumber
/research/research-catalog/search?q=bona+amicizie&search_scope=all,all
/research/research-catalog/search?q=QA76.73.J38&search_scope=callnumber,callnumber
/research/research-catalog/search?q=cell&search_scope=all,all
/research/research-catalog/search?q=0146-5422&search_scope=standard_number,standard_number
/research/research-catalog/search?q=Charles+Blackman&search_scope=journal_title,journal_title
/research/research-catalog/search?q=cheese&search_scope=all,all
/research/research-catalog/search?q=PR6019.O9&search_scope=callnumber,callnumber
/research/research-catalog/search?q=PR6019.O9&search_scope=callnumber,callnumber
/research/research-catalog/search?q=PR6019.O9&search_scope=callnumber,callnumber
/research/research-catalog/search?q=eliza+lynch&search_scope=contributor,contributor
/research/research-catalog/search?q=Embroidered+Identities%3A+Ornately+Decorated+Textiles+and+Accessories+of+Chinese+Ethnic+Minorities&search_scope=journal_title,journal_title
/research/research-catalog/search?q=farms&search_scope=contributor,contributor
/research/research-catalog/search?q=flying&search_scope=journal_title,journal_title
/research/research-catalog/search?q=keyword+any+%22In+Praise+of+Shadows+Tanizaki%22&search_scope=cql,cql
/research/research-catalog/search?q=gastronomica&search_scope=subject,subject
/research/research-catalog/search?q=grani&search_scope=all,all
/research/research-catalog/search?q=title+%3D+%22Frankenstein%22+AND+keyword+%3D+%22Lackington%22+AND+date+%3D%3D+%221818%22&search_scope=cql,cql
/research/research-catalog/search?q=harlem&search_scope=journal_title,journal_title
/research/research-catalog/search?q=%2AKP+n.c.+%28Nash%29+%28Elder%2C+P.+Friendship%29&search_scope=callnumber,callnumber
/research/research-catalog/search?q=Pforz%2B+%28Quadrilling%29&search_scope=callnumber,callnumber
/research/research-catalog/search?q=keyword+%3D+%22jews%22&search_scope=cql,cql
/research/research-catalog/search?q=jewish&search_scope=journal_title,journal_title
/research/research-catalog/search?q=journal+of+applied+physiology&search_scope=title,title
/research/research-catalog/search?q=juneteenth&search_scope=subject,subject
/research/research-catalog/search?q=RC523&search_scope=callnumber,callnumber
/research/research-catalog/search?q=title+%3D+%22Frankenstein%22+AND+keyword+%3D+%22Lackington%22+AND+date+%3D+%221818%22&search_scope=cql,cql
/research/research-catalog/search?q=lebeau%2C+marc&search_scope=all,all
/research/research-catalog/search?q=leukemia+research&search_scope=subject,subject
/research/research-catalog/search?q=literatura&search_scope=all,all
/research/research-catalog/search?q=title+adj+%22machine+age+in+America%22+AND+author+%3D+%22wilson%22&search_scope=cql,cql
/research/research-catalog/search?q=keyword+all+%22columbus+the+story+of+a+city+lentz%22&search_scope=cql,cql
/research/research-catalog/search?q=keyword+%3D%3D+%22I.W.W.%22&search_scope=cql,cql
/research/research-catalog/search?q=marcel+prawy+gluck&search_scope=all,all
/research/research-catalog/search?q=mark+twain&search_scope=contributor,contributor
/research/research-catalog/search?q=Medioevo%3A+immagini+e+ideologie&search_scope=all,all
/research/research-catalog/search?q=new+york+observer&search_scope=title,title
/research/research-catalog/search?q=New+York+Times&search_scope=contributor,contributor
/research/research-catalog/search?q=Nouveau-riche+nationalism+and+multiculturalism+in+Korea+%3A+a+media+narrative+analysis&search_scope=all,all
/research/research-catalog/search?q=olympic+japan&search_scope=subject,subject
/research/research-catalog/search?q=orpheus&search_scope=subject,subject
/research/research-catalog/search?q=Plaisir+de+France&search_scope=title,title
/research/research-catalog/search?q=playboy&search_scope=journal_title,journal_title
/research/research-catalog/search?q=rainer%2C+yvonne&search_scope=journal_title,journal_title
/research/research-catalog/search?q=ReCAP+12-29922&search_scope=contributor,contributor
/research/research-catalog/search?q=keyword+%3D%3D+%22I.W.W.%22&search_scope=cql,cql
/research/research-catalog/search?q=p34567890&search_scope=standard_number,standard_number
/research/research-catalog/search?q=seventeen&search_scope=all,all
/research/research-catalog/search?q=Map+Div.+%2B%2B%2B+%28London%29+%28Rocque%2C+J.+Plan+of+London.+1746%29&search_scope=callnumber,callnumber
/research/research-catalog/search?q=0022-0418&search_scope=standard_number,standard_number
/research/research-catalog/search?q=the+automobile&search_scope=title,title
/research/research-catalog/search?q=time+magazine&search_scope=subject,subject
/research/research-catalog/search?q=TK5105.888&search_scope=callnumber,callnumber
/research/research-catalog/search?q=Utopia+for+realists&search_scope=contributor,contributor
/research/research-catalog/search?q=author+%3D+%22Meillassoux%2C+Quentin%22+AND+date+%3E%3D+%222011%22&search_scope=cql,cql
/research/research-catalog/search?q=title+%3D+%22Idiot%22+AND+author+%3D+%22Dostoyevsky%22+NOT+author+%3D+%22Garnett%22+AND+language+%3D+%22English%22&search_scope=cql,cql
/research/research-catalog/search?q=%22bibliographic+instruction%22&search_scope=all,all
/research/research-catalog/search?q=%22bond+guide%22&search_scope=all,all
/research/research-catalog/search?q=keyword+%3D+%22jews%22&search_scope=cql,cql
/research/research-catalog/search?q=p34567890&search_scope=standard_number,standard_number
/research/research-catalog/search?q=%22san+francisco+chronicle%22&search_scope=all,all
/research/research-catalog/search?q=keyword+all+%22history+united+states%22+AND+keyword+any+%22white%22+NOT+author+%3D+%22white%22&search_scope=cql,cql
/research/research-catalog/search?q=0272-1716&search_scope=standard_number,standard_number
/research/research-catalog/search?q=0027-8378&search_scope=all,all
/research/research-catalog/search?q=title+adj+%22columbus+the+story+of+a+city%22+AND+author+%3D+%22lentz%22&search_scope=cql,cql
/research/research-catalog/search?q=9781474217798&search_scope=contributor,contributor
/research/research-catalog/search?q=A+botanist%27s+visit&search_scope=journal_title,journal_title
/research/research-catalog/search?q=A+Botanist%27s+Visit+to+Oahu&search_scope=subject,subject
/research/research-catalog/search?q=action+learning&search_scope=all,all
/research/research-catalog/search?q=Africa+Insurance&search_scope=contributor,contributor
/research/research-catalog/search?q=Africa+unite%21&search_scope=all,all
/research/research-catalog/search?q=b34567890&search_scope=standard_number,standard_number
/research/research-catalog/search?q=american+architect&search_scope=all,all
/research/research-catalog/search?q=American+Journal+of+Physical+anthropology&search_scope=title,title
/research/research-catalog/search?q=andrew+carnegie&search_scope=all,all
/research/research-catalog/search?q=anglo-norman+studies&search_scope=subject,subject
/research/research-catalog/search?q=anni+albers&search_scope=subject,subject
/research/research-catalog/search?q=apollo&search_scope=journal_title,journal_title
/research/research-catalog/search?q=apples&search_scope=journal_title,journal_title
/research/research-catalog/search?q=keyword+any+%22In+Praise+of+Shadows+Tanizaki%22&search_scope=cql,cql
/research/research-catalog/search?q=architectural+review&search_scope=contributor,contributor
/research/research-catalog/search?q=callnumber+%3D+%22%5E%2AR-RMRR%22+AND+author+any+%22locke+hobbes+rousseau%22&search_scope=cql,cql
/research/research-catalog/search?q=0378-5955&search_scope=standard_number,standard_number
/research/research-catalog/search?q=Art+World&search_scope=subject,subject
/research/research-catalog/search?q=Artnews&search_scope=journal_title,journal_title
/research/research-catalog/search?q=%2AKP+n.c.+%28Nash%29+%28Elder%2C+P.+Friendship%29&search_scope=callnumber,callnumber
/research/research-catalog/search?q=automobile&search_scope=contributor,contributor
/research/research-catalog/search?q=on12&search_scope=standard_number,standard_number
/research/research-catalog/search?q=ban+non+wat&search_scope=subject,subject
/research/research-catalog/search?q=baradiin&search_scope=title,title
/research/research-catalog/search?q=Benzoni+napoleone&search_scope=title,title
/research/research-catalog/search?q=Sc+News+Essor&search_scope=callnumber,callnumber
/research/research-catalog/search?q=Bert+davila&search_scope=title,title
/research/research-catalog/search?q=BL+1112.27.G485+2013&search_scope=contributor,contributor
/research/research-catalog/search?q=%2AKP+n.c.+%28Nash%29+%28Elder%2C+P.+Friendship%29&search_scope=callnumber,callnumber
/research/research-catalog/search?q=bogus+title&search_scope=subject,subject
/research/research-catalog/search?q=%2AZP-%2AP-%2AQZS+n.c.+5%2C+no.+9&search_scope=callnumber,callnumber
/research/research-catalog/search?q=callnumber+%3D+%22%5E%2AR-RMRR%22+AND+author+any+%22locke+hobbes+rousseau%22&search_scope=cql,cql
/research/research-catalog/search?q=budhi&search_scope=subject,subject
/research/research-catalog/search?q=Map+Div.+%2B%2B%2B+%28London%29+%28Rocque%2C+J.+Plan+of+London.+1746%29&search_scope=callnumber,callnumber
/research/research-catalog/search?q=0162-1459&search_scope=standard_number,standard_number
/research/research-catalog/search?q=carnival&search_scope=title,title
/research/research-catalog/search?q=b45678901&search_scope=standard_number,standard_number
/research/research-catalog/search?q=Climate+Change&search_scope=journal_title,journal_title
/research/research-catalog/search?q=coda+magazine&search_scope=all,all
/research/research-catalog/search?q=keyword+%3D%3D+%22IWW%22&search_scope=cql,cql
/research/research-catalog/search?q=0272-1716&search_scope=standard_number,standard_number
/research/research-catalog/search?q=title+adj+%22columbus+the+story+of+a+city%22+AND+author+%3D+%22lentz%22&search_scope=cql,cql
/research/research-catalog/search?q=subject+any+%22newspapers+periodicals%22+AND+language+any+%22Romanian+Hungarian%22&search_scope=cql,cql
/research/research-catalog/search?q=dance+magazine&search_scope=subject,subject
/research/research-catalog/search?q=Decker&search_scope=title,title
/research/research-catalog/search?q=keyword+all+%22frankenstein+lackington+1818%22&search_scope=cql,cql
/research/research-catalog/search?q=b12345678&search_scope=standard_number,standard_number
/research/research-catalog/search?q=Dictionary+of+American+Biography&search_scope=contributor,contributor
/research/research-catalog/search?q=Die+Kaiserinnen+Roms+von+Livia+bis+Theodora&search_scope=contributor,contributor
/research/research-catalog/search?q=Documenti+e+Studi+Sulla+Tradizone+Filosofica+Medievale&search_scope=all,all
/research/research-catalog/search?q=Dutkanicz&search_scope=contributor,contributor
/research/research-catalog/search?q=European+Tributary+States+of+the+Ottoman+Empire+in+the+Sixteenth+and+Seventeenth+Centuries&search_scope=journal_title,journal_title
/research/research-catalog/search?q=ML410.B4&search_scope=callnumber,callnumber
/research/research-catalog/search?q=farnham+farnum+families+in+america&search_scope=journal_title,journal_title
/research/research-catalog/search?q=TL789.8.U5&search_scope=callnumber,callnumber
/research/research-catalog/search?q=fossils&search_scope=all,all
/research/research-catalog/search?q=Four+Mongolian+historical+records&search_scope=subject,subject
/research/research-catalog/search?q=9-%2AMNB+%28Beethoven.+Sonata%2C+op.+13%29&search_scope=callnumber,callnumber
/research/research-catalog/search?q=Gershwin+Kendall&search_scope=subject,subject
/research/research-catalog/search?q=RA644.C67&search_scope=callnumber,callnumber
/research/research-catalog/search?q=guckler&search_scope=journal_title,journal_title
/research/research-catalog/search?q=9-%2AMNB+%28Beethoven.+Sonata%2C+op.+13%29&search_scope=callnumber,callnumber
/research/research-catalog/search?q=keyword+all+%22machine+age+in+America+wilson%22&search_scope=cql,cql
/research/research-catalog/search?q=Herrscherinnen+und+Nonnen&search_scope=contributor,contributor
/research/research-catalog/search?q=historia+da+musica+brasileira&search_scope=subject,subject
/research/research-catalog/search?q=History+of+the+Communist+Party+of+Yugoslavia&search_scope=title,title
/research/research-catalog/search?q=Il+secolo+di+ferro.+Mito+e+realt%C3%A0+del+secolo+X&search_scope=journal_title,journal_title
/research/research-catalog/search?q=J+591.56+D&search_scope=contributor,contributor
/research/research-catalog/search?q=James+Muldoon+%26+Felipe+Fernandez-Armesto&search_scope=journal_title,journal_title
/research/research-catalog/search?q=%2A%2A%2A+%28Green%2C+R.+Transsexualism+and+sex+reassignment%29&search_scope=callnumber,callnumber
/research/research-catalog/search?q=keyword+%3D+%22romantic%22+NOT+keyword+%3D+%22romantics%22&search_scope=cql,cql
/research/research-catalog/search?q=title+adj+%22machine+age+in+America%22+AND+author+%3D+%22wilson%22&search_scope=cql,cql
/research/research-catalog/search?q=Journal+of+home+economics&search_scope=subject,subject
/research/research-catalog/search?q=journal+of+pathology&search_scope=all,all
/research/research-catalog/search?q=D&search_scope=callnumber,callnumber
/research/research-catalog/search?q=kierkegaard&search_scope=title,title
/research/research-catalog/search?q=knights+of+the+fourth+estate&search_scope=subject,subject
/research/research-catalog/search?q=Kobieta+niepoznana+na+przestrzeni+dziej%C3%B3w&search_scope=journal_title,journal_title
/research/research-catalog/search?q=QA76.73.J38&search_scope=callnumber,callnumber
/research/research-catalog/search?q=Latvie%C5%A1u+gr%C4%81mata+%C4%81rzem%C4%93s+%3A+1920-1940&search_scope=all,all
/research/research-catalog/search?q=Leaving+a+doll%27s+house+%3A+a+memoir&search_scope=contributor,contributor
/research/research-catalog/search?q=Lyrl+Clark+Van+Hyning&search_scope=contributor,contributor
/research/research-catalog/search?q=marriage+across+the+color&search_scope=title,title
/research/research-catalog/search?q=title+%3D+%22Frankenstein%22+AND+keyword+%3D+%22Lackington%22+AND+date+%3D%3D+%221818%22&search_scope=cql,cql
/research/research-catalog/search?q=0162-1459&search_scope=standard_number,standard_number
/research/research-catalog/search?q=Mayr%C3%B6cker&search_scope=title,title
/research/research-catalog/search?q=Meiso%CC%84+chizu&search_scope=title,title
/research/research-catalog/search?q=merce+cunningham&search_scope=journal_title,journal_title
/research/research-catalog/search?q=Miamachi+painting&search_scope=subject,subject
/research/research-catalog/search?q=Mikhail+Baryshnikov+archive.+Moving+image+materials.&search_scope=title,title
/research/research-catalog/search?q=minke+prelat&search_scope=contributor,contributor
/research/research-catalog/search?q=modern+genre+theory&search_scope=all,all
/research/research-catalog/search?q=Monkey+Puzzle+Man&search_scope=all,all
/research/research-catalog/search?q=genre+%3D+%22memorial+books%22+NOT+language+any+%E2%80%9Chebrew+yiddish%22&search_scope=cql,cql
/research/research-catalog/search?q=keyword+all+%22history+united+states%22+AND+keyword+any+%22white%22+AND+author+%3D+%22white%22&search_scope=cql,cql
/research/research-catalog/search?q=motor+boating&search_scope=subject,subject
/research/research-catalog/search?q=79081574&search_scope=standard_number,standard_number
/research/research-catalog/search?q=My+brilliant+friend&search_scope=subject,subject
/research/research-catalog/search?q=N%27digoa&search_scope=subject,subject
/research/research-catalog/search?q=Natasha+Richardson&search_scope=journal_title,journal_title
/research/research-catalog/search?q=D&search_scope=callnumber,callnumber
/research/research-catalog/search?q=neruda&search_scope=contributor,contributor
/research/research-catalog/search?q=new+england+descendants+of+the+immigrant+ralph+farnum&search_scope=title,title
/research/research-catalog/search?q=J&search_scope=callnumber,callnumber
/research/research-catalog/search?q=New+York+Review+of+Books&search_scope=subject,subject
/research/research-catalog/search?q=newsweek&search_scope=title,title
/research/research-catalog/search?q=1045-6767&search_scope=standard_number,standard_number
/research/research-catalog/search?q=0162-1459&search_scope=standard_number,standard_number
/research/research-catalog/search?q=O+Filme+curto&search_scope=all,all
/research/research-catalog/search?q=TL789.8.U5&search_scope=callnumber,callnumber
/research/research-catalog/search?q=1548-7091&search_scope=standard_number,standard_number
/research/research-catalog/search?q=ole+benedictow&search_scope=title,title
/research/research-catalog/search?q=%2A%2A%2A+%28Green%2C+R.+Transsexualism+and+sex+reassignment%29&search_scope=callnumber,callnumber
/research/research-catalog/search?q=Painters+and+public+life+in+eighteenth-century+Paris&search_scope=title,title
/research/research-catalog/search?q=Paola+Peretti&search_scope=subject,subject
/research/research-catalog/search?q=parlaghy&search_scope=all,all
/research/research-catalog/search?q=keyword+all+%22history+united+states%22+AND+keyword+any+%22white%22+AND+author+%3D+%22white%22&search_scope=cql,cql
/research/research-catalog/search?q=keyword+all+%22anis+kabul%22&search_scope=cql,cql
/research/research-catalog/search?q=GV1469.34&search_scope=callnumber,callnumber
/research/research-catalog/search?q=Philp+k+dick&search_scope=subject,subject
/research/research-catalog/search?q=0098-7484&search_scope=standard_number,standard_number
/research/research-catalog/search?q=potter&search_scope=contributor,contributor
/research/research-catalog/search?q=practica+della+cambiatura&search_scope=title,title
/research/research-catalog/search?q=Price%2C+J.+L.&search_scope=journal_title,journal_title
/research/research-catalog/search?q=Proceedings+of+the+Boston+Area+Colloquium+in+Ancient+Philosophy&search_scope=contributor,contributor
/research/research-catalog/search?q=reinerman+Austria+papacy&search_scope=all,all
/research/research-catalog/search?q=keyword+%3D%3D+%22IWW%22&search_scope=cql,cql
/research/research-catalog/search?q=Rivista+Italiana+di+Numismatica+e+Scienze+Affini&search_scope=contributor,contributor
/research/research-catalog/search?q=Roman+Female+Praenomina%3A+Studies+in+the+Nomenclature+of+Roman+Women&search_scope=subject,subject
/research/research-catalog/search?q=genre+%3D+%22memorial+books%22+NOT+language+any+%E2%80%9Chebrew+yiddish%22&search_scope=cql,cql
/research/research-catalog/search?q=science&search_scope=subject,subject
/research/research-catalog/search?q=RA644.C67&search_scope=callnumber,callnumber
/research/research-catalog/search?q=9-%2AMNB+%28Beethoven.+Sonata%2C+op.+13%29&search_scope=callnumber,callnumber
/research/research-catalog/search?q=Southern+Committee+to+Uphold+the+Constitution&search_scope=contributor,contributor
/research/research-catalog/search?q=Spectrochimica+Acta&search_scope=all,all
/research/research-catalog/search?q=TK5105.888&search_scope=callnumber,callnumber
/research/research-catalog/search?q=sutton+family&search_scope=title,title
/research/research-catalog/search?q=0272-1716&search_scope=standard_number,standard_number
/research/research-catalog/search?q=the+atlantic&search_scope=all,all
/research/research-catalog/search?q=The+invention+of+Africa&search_scope=all,all
/research/research-catalog/search?q=keyword+%3D+%22romantic%22+NOT+keyword+%3D+%22romantics%22&search_scope=cql,cql
/research/research-catalog/search?q=the+rudder&search_scope=title,title
/research/research-catalog/search?q=The+Texts+From+the+Judaean+Desert%2C+Indices+and+an+Introduction+to+the+Discoveries+in+the+Judaean+Desert+Series&search_scope=journal_title,journal_title
/research/research-catalog/search?q=The+wife+between+us&search_scope=subject,subject
/research/research-catalog/search?q=Theatre+Arts+Monthly&search_scope=all,all
/research/research-catalog/search?q=timothy+leary&search_scope=subject,subject
/research/research-catalog/search?q=keyword+%3D+%22I.W.W.%22&search_scope=cql,cql
/research/research-catalog/search?q=toni+morrison&search_scope=subject,subject
/research/research-catalog/search?q=9780306406157&search_scope=standard_number,standard_number
/research/research-catalog/search?q=0098-7484&search_scope=standard_number,standard_number
/research/research-catalog/search?q=wakanda&search_scope=all,all
/research/research-catalog/search?q=wheater%27s+functional+histology&search_scope=all,all
/research/research-catalog/search?q=yad+vashem+studies&search_scope=journal_title,journal_title
/research/research-catalog/search?q=%27Niki+de+Saint+Phalle%3A+Ici%2C+tout+est+possible&search_scope=journal_title,journal_title
/research/research-catalog/search?q=%22american+symphony+orchestra+league%22+newsletter&search_scope=contributor,contributor
/research/research-catalog/search?q=0036-8075&search_scope=standard_number,standard_number
/research/research-catalog/search?q=%22Grossman%2C+Sid%22&search_scope=journal_title,journal_title
/research/research-catalog/search?q=%22life+with+the+aborigines%22&search_scope=title,title
/research/research-catalog/search?q=0306406152&search_scope=standard_number,standard_number
/research/research-catalog/search?q=0098-7484&search_scope=standard_number,standard_number
/research/research-catalog/search?q=1937-9145&search_scope=standard_number,standard_number
/research/research-catalog/search?q=%22stock+guide%22&search_scope=contributor,contributor
/research/research-catalog/search?q=%22the+organ%22+%22musical+opinion%22&search_scope=subject,subject
/research/research-catalog/search?q=ocn987&search_scope=standard_number,standard_number
/research/research-catalog/search?q=%2AZY&search_scope=subject,subject
/research/research-catalog/search?q=0024-6336&search_scope=journal_title,journal_title
/research/research-catalog/search?q=00478318&search_scope=contributor,contributor
/research/research-catalog/search?q=0500238278&search_scope=contributor,contributor
/research/research-catalog/search?q=10%2C000+vital+records+of+central+New+York%2C+1813-1850+%2F+Fred+Q.+Bowman.&search_scope=all,all
/research/research-catalog/search?q=KF4558&search_scope=callnumber,callnumber
/research/research-catalog/search?q=1650&search_scope=subject,subject
/research/research-catalog/search?q=85012345&search_scope=standard_number,standard_number
/research/research-catalog/search?q=398.2&search_scope=title,title
/research/research-catalog/search?q=44079212&search_scope=title,title
/research/research-catalog/search?q=50015461&search_scope=title,title
/research/research-catalog/search?q=keyword+%3D%3D+%22IWW%22&search_scope=cql,cql
/research/research-catalog/search?q=9789653085879&search_scope=title,title
/research/research-catalog/search?q=123456789012&search_scope=standard_number,standard_number
/research/research-catalog/search?q=KF4558&search_scope=callnumber,callnumber
/research/research-catalog/search?q=85012345&search_scope=standard_number,standard_number
/research/research-catalog/search?q=adanna&search_scope=title,title
/research/research-catalog/search?q=adrain+rollini+vibraharp+method&search_scope=all,all
/research/research-catalog/search?q=aeronautical+digest&search_scope=subject,subject
/research/research-catalog/search?q=African+book+publishing+record.&search_scope=contributor,contributor
/research/research-catalog/search?q=TL789.8.U5&search_scope=callnumber,callnumber
/research/research-catalog/search?q=33433001&search_scope=standard_number,standard_number
/research/research-catalog/search?q=Map+Div.+%2B%2B%2B+%28London%29+%28Rocque%2C+J.+Plan+of+London.+1746%29&search_scope=callnumber,callnumber
/research/research-catalog/search?q=alice+childress&search_scope=all,all
/research/research-catalog/search?q=Alison%27s+zinnia&search_scope=title,title
/research/research-catalog/search?q=altbabylonisthe+briese&search_scope=title,title
/research/research-catalog/search?q=0036-8075&search_scope=standard_number,standard_number
/research/research-catalog/search?q=keyword+any+%22winnipeg+toronto%22+AND+division+%3D+%22maf%22+AND+center+%3D+%22ma%22&search_scope=cql,cql
/research/research-catalog/search?q=american+jewish+history&search_scope=all,all
/research/research-catalog/search?q=american+organist&search_scope=subject,subject
/research/research-catalog/search?q=78045678&search_scope=standard_number,standard_number
/research/research-catalog/search?q=american+woman&search_scope=journal_title,journal_title
/research/research-catalog/search?q=Annales+Francais+Etranger&search_scope=subject,subject
/research/research-catalog/search?q=call+number+%5ETDR+p.v.&search_scope=cql,cql
/research/research-catalog/search?q=Annegret+Hoberg&search_scope=all,all
/research/research-catalog/search?q=1045-6767&search_scope=standard_number,standard_number
/research/research-catalog/search?q=0022-0418&search_scope=standard_number,standard_number
/research/research-catalog/search?q=Archibald+Strath+Maxwell&search_scope=title,title
/research/research-catalog/search?q=Architecture+with+and+without+Le+Corbusier&search_scope=subject,subject
/research/research-catalog/search?q=archives&search_scope=subject,subject
/research/research-catalog/search?q=Archivium+Franciscanum+Historicum&search_scope=contributor,contributor
/research/research-catalog/search?q=arkady&search_scope=journal_title,journal_title
/research/research-catalog/search?q=%2AZP-%2AP-%2AQZS+n.c.+5%2C+no.+9&search_scope=callnumber,callnumber
/research/research-catalog/search?q=ARQ&search_scope=journal_title,journal_title
/research/research-catalog/search?q=%2AZP-%2AP-%2AQZS+n.c.+5%2C+no.+9&search_scope=callnumber,callnumber
/research/research-catalog/search?q=78045678&search_scope=standard_number,standard_number
/research/research-catalog/search?q=author+%3D+%22Meillassoux%2C+Quentin%22+AND+date+%3C%3D+%222011%22&search_scope=cql,cql
/research/research-catalog/search?q=art+news&search_scope=title,title
/research/research-catalog/search?q=0013-0613&search_scope=standard_number,standard_number
/research/research-catalog/search?q=Map+Div.+%2B%2B%2B+%28London%29+%28Rocque%2C+J.+Plan+of+London.+1746%29&search_scope=callnumber,callnumber
/research/research-catalog/search?q=artsink&search_scope=subject,subject
/research/research-catalog/search?q=Arulmalarmaali+Sulamangalamsisters&search_scope=journal_title,journal_title
/research/research-catalog/search?q=asfsdfdslj&search_scope=contributor,contributor
/research/research-catalog/search?q=atiqot&search_scope=all,all
/research/research-catalog/search?q=author+%3D+%22Meillassoux%2C+Quentin%22+AND+date+within+%222011+2014%22&search_scope=cql,cql
/research/research-catalog/search?q=ayako+uchiyama+choreographer&search_scope=contributor,contributor
/research/research-catalog/search?q=QA76.73.J38&search_scope=callnumber,callnumber
/research/research-catalog/search?q=Bad+blood&search_scope=title,title
/research/research-catalog/search?q=title+adj+%22In+Praise+of+Shadows%22+AND+author+%3D+%22Tanizaki%22&search_scope=cql,cql
/research/research-catalog/search?q=Baseball&search_scope=subject,subject
/research/research-catalog/search?q=bauhaus&search_scope=journal_title,journal_title
/research/research-catalog/search?q=beatrix&search_scope=contributor,contributor
/research/research-catalog/search?q=Belkis+Ay%C3%B3n&search_scope=contributor,contributor
/research/research-catalog/search?q=benedict+anderson&search_scope=contributor,contributor
/research/research-catalog/search?q=GV1469.34&search_scope=callnumber,callnumber
/research/research-catalog/search?q=biber&search_scope=subject,subject
/research/research-catalog/search?q=Bienalle&search_scope=title,title
/research/research-catalog/search?q=bobbin+lace&search_scope=contributor,contributor
/research/research-catalog/search?q=KF4558&search_scope=callnumber,callnumber
/research/research-catalog/search?q=Book+of+leyburn&search_scope=journal_title,journal_title
/research/research-catalog/search?q=boston+globe&search_scope=journal_title,journal_title
/research/research-catalog/search?q=Botanical+Journal+of+the+Linnean+Society&search_scope=title,title
/research/research-catalog/search?q=%2AZP-%2AP-%2AQZS+n.c.+5%2C+no.+9&search_scope=callnumber,callnumber
/research/research-catalog/search?q=Bozner+Messen+und+ihr+Zahlungsverkehr&search_scope=subject,subject
/research/research-catalog/search?q=keyword+all+%22machine+age+in+America+wilson%22&search_scope=cql,cql
/research/research-catalog/search?q=british+journal+of+dermatology&search_scope=title,title
/research/research-catalog/search?q=%2A%2A%2A+%28Green%2C+R.+Transsexualism+and+sex+reassignment%29&search_scope=callnumber,callnumber
/research/research-catalog/search?q=cahiers+de+la+guitare&search_scope=all,all
/research/research-catalog/search?q=cahiers+du+cinema&search_scope=subject,subject
/research/research-catalog/search?q=author+%3D+%22Meillassoux%2C+Quentin%22+AND+date+%3E%3D+%222011%22&search_scope=cql,cql
/research/research-catalog/search?q=Z253.4&search_scope=callnumber,callnumber
/research/research-catalog/search?q=car&search_scope=all,all
/research/research-catalog/search?q=caribbean+jazz&search_scope=subject,subject
/research/research-catalog/search?q=Carlene+Stephens%2C+On+Time%3A+How+America+Has+learned+to+live+by+the+clock&search_scope=all,all
/research/research-catalog/search?q=Carnival+Canboulay+Calypso&search_scope=contributor,contributor
/research/research-catalog/search?q=carulli&search_scope=all,all
/research/research-catalog/search?q=callnumber+%3D+%22RMRR%22+AND+author+any+%22locke+hobbes+rousseau%22&search_scope=cql,cql
/research/research-catalog/search?q=keyword+all+%22machine+age+in+America+wilson%22&search_scope=cql,cql
/research/research-catalog/search?q=charities+jewish&search_scope=all,all
/research/research-catalog/search?q=chemistry&search_scope=contributor,contributor
/research/research-catalog/search?q=Map+Div.+%2B%2B%2B+%28London%29+%28Rocque%2C+J.+Plan+of+London.+1746%29&search_scope=callnumber,callnumber
/research/research-catalog/search?q=Chicago&search_scope=journal_title,journal_title
/research/research-catalog/search?q=33433001&search_scope=standard_number,standard_number
/research/research-catalog/search?q=chinese+snacks&search_scope=journal_title,journal_title
/research/research-catalog/search?q=Chronika+tou+Pontou&search_scope=journal_title,journal_title
/research/research-catalog/search?q=chronique+huygens&search_scope=subject,subject
/research/research-catalog/search?q=civil+rights&search_scope=subject,subject
/research/research-catalog/search?q=0730-0301&search_scope=standard_number,standard_number
/research/research-catalog/search?q=Sc+News+Essor&search_scope=callnumber,callnumber
/research/research-catalog/search?q=claude+kress&search_scope=contributor,contributor
/research/research-catalog/search?q=claude+mckay&search_scope=contributor,contributor
/research/research-catalog/search?q=Claudii+Claudiani+%28Claudiano%29%2C+Carmina+Minora%2C+introduzione%2C+traduzione+e+commento+a+cura+di+Maria+Luisa+Ricci%2C+presentazione+di+Luigi+Piacente%2C+Edipuglia%2C+Bari+2001&search_scope=all,all
/research/research-catalog/search?q=Clavicordio&search_scope=title,title
/research/research-catalog/search?q=0098-7484&search_scope=standard_number,standard_number
/research/research-catalog/search?q=climate+changae&search_scope=title,title
/research/research-catalog/search?q=title+%3D+%22Idiot%22+AND+author+%3D+%22Dostoyevsky%22+NOT+author+%3D+%22Garnett%22+AND+language+%3D+%22English%22&search_scope=cql,cql
/research/research-catalog/search?q=Cognitioni+Gestorum&search_scope=title,title
/research/research-catalog/search?q=College+%26+pro+football+newsweekly&search_scope=subject,subject
/research/research-catalog/search?q=95098765&search_scope=standard_number,standard_number
/research/research-catalog/search?q=Consumer+Report+Home+printers&search_scope=title,title
/research/research-catalog/search?q=Contact+or+isolation&search_scope=subject,subject
/research/research-catalog/search?q=Cowan%2C+History+of+the+Russian+Institute&search_scope=all,all
/research/research-catalog/search?q=critical+inquiry&search_scope=contributor,contributor
/research/research-catalog/search?q=Cuando+el+feminismo+era+mala+palabra&search_scope=all,all
/research/research-catalog/search?q=cuban+cinema+companion&search_scope=journal_title,journal_title
/research/research-catalog/search?q=85012345&search_scope=standard_number,standard_number
/research/research-catalog/search?q=cy+twombly+catalogue+raisonne+of+drawings&search_scope=journal_title,journal_title
/research/research-catalog/search?q=danas&search_scope=journal_title,journal_title
/research/research-catalog/search?q=Daniel+Nettle&search_scope=contributor,contributor
/research/research-catalog/search?q=David+Hall&search_scope=subject,subject
/research/research-catalog/search?q=dawn+of+technicolor&search_scope=subject,subject
